{
   "name"   : "Camera_A_800x600",
   "width"  : 800,
   "height" : 600,
   "mtx"    :
   [[660.2418201579267, 0.0, 399.3796656309947],
    [0.0, 660.0508096965203, 313.4065222898109],
    [0.0, 0.0, 1.0]],
   "dist"   :
   [-0.45066578953785186, 0.28800295285811617, -0.00011522813222707886, 0.0025744837316644432, -0.13974082717169575],
   "FudgeOffset": -2.13,
   "FudgeFactor": 1.09,
   "DetectorOptions":{"quad_decimate":2, "quad_blur": 0.0, 
 "refine_edges": 1, "refine_decode": 1,
 "refine_pose": 0, "quad_contours": 1}
}
