{
   "name"   : "Camera_G3_800x600",
   "width"  : 800,
   "height" : 600,
   "mtx"    :
   [[297.31740612643546, 0.0, 407.4796665075079],
    [0.0, 298.0811842555378, 298.0459852594861],
    [0.0, 0.0, 1.0]],
   "dist"   :
   [-0.0017730390272021005, -0.012644766034477664, -0.003528577097722593, 0.0002945586511209564, -0.0011781411206473662],
   "FudgeOffset": -0.252,
   "FudgeFactor": 1.036,
   "DetectorOptions":{"quad_decimate":2, "quad_blur": 0.0, 
 "refine_edges": 1, "refine_decode": 1,
 "refine_pose": 0, "quad_contours": 1}
}
