{
   "name"   : "Camera_G3_640x480",
   "width"  : 640,
   "height" : 480,
   "mtx"    :
   [[236.46286793699974, 0.0, 326.21665488020363],
    [0.0, 236.3180455596224, 239.23660180601306],
    [0.0, 0.0, 1.0]],
   "dist"   :
   [-0.01944464690337676, 0.005079207723912256, -0.0008062317999387499, 0.00019952169404024233, -0.007216391398643429],
   "FudgeOffset": 0.0,
   "FudgeFactor": 1.0,
   "DetectorOptions":{"quad_decimate":2, "quad_blur": 0.0, 
 "refine_edges": 1, "refine_decode": 1,
 "refine_pose": 0, "quad_contours": 1}
}
