{
   "name"   : "Camera_A_640x480",
   "width"  : 640,
   "height" : 480,
   "mtx"    :
   [[526.0619699782902, 0.0, 340.9072294902081],
    [0.0, 524.5319371702255, 247.43286857179024],
    [0.0, 0.0, 1.0]],
   "dist"   :
   [-0.44295009840274063, 0.2343810235659369, 0.004503496888247033, -0.0010722109929391544, -0.07636657344991113],
   "FudgeOffset": 0.0,
   "FudgeFactor": 1.0,
   "DetectorOptions":{"quad_decimate":2, "quad_blur": 0.0, 
 "refine_edges": 1, "refine_decode": 1,
 "refine_pose": 0, "quad_contours": 1}
}
