{
   "name"   : "Camera_G2_640x480",
   "width"  : 640,
   "height" : 480,
   "mtx"    :
   [[237.15246199945926, 0.0, 321.28709121475936],
    [0.0, 237.148893831355, 241.99868165327598],
    [0.0, 0.0, 1.0]],
   "dist"   :
   [0.00016575439170049512, -0.020381457878210392, 1.7686387081511595e-05, -5.811391188715712e-05, 0.002263605740820619],
   "FudgeOffset": 0.0,
   "FudgeFactor": 1.0,
   "DetectorOptions":{"quad_decimate":2, "quad_blur": 0.0, 
 "refine_edges": 1, "refine_decode": 1,
 "refine_pose": 0, "quad_contours": 1}
}
