{
   "name"   : "Camera_B_800x600",
   "width"  : 800,
   "height" : 600,
   "mtx"    :
   [[799.7426903420052, 0.0, 393.2498014818251],
    [0.0, 800.2858789994038, 258.8891511838616],
    [0.0, 0.0, 1.0]],
   "dist"   :
   [-0.40716325556134303, 0.11678363992478719, 0.0017489815782154067, 0.0024165363147674967, 0.06271289863282803],
   "FudgeOffset": -2.816,
   "FudgeFactor": 1.049,
   "DetectorOptions":{"quad_decimate":3, "quad_blur": 0.0, 
 "refine_edges": 1, "refine_decode": 1,
 "refine_pose": 0, "quad_contours": 1}}
