{
   "name"   : "Camera_G2_800x600",
   "width"  : 800,
   "height" : 600,
   "mtx"    :
   [[298.5993736697154, 0.0, 406.3826804850801],
    [0.0, 298.3942554790425, 305.0048246403705],
    [0.0, 0.0, 1.0]],
   "dist"   :
   [-0.0059347054209873806, -0.00901857314750744, -0.0015573431023336612, -0.00016109143077649857, -0.0026776565238391756],
   "FudgeOffset": 0.0,
   "FudgeFactor": 1.0,
   "DetectorOptions":{"quad_decimate":2, "quad_blur": 0.0, 
 "refine_edges": 1, "refine_decode": 1,
 "refine_pose": 0, "quad_contours": 1}
}
