{
   "name"   : "Camera_G3_1600x1200",
   "width"  : 1600,
   "height" : 1200,
   "mtx"    :
   [[593.5494495983614, 0.0, 812.8148821687055],
    [0.0, 593.1216431705997, 598.4121194578153],
    [0.0, 0.0, 1.0]],
   "dist"   :
   [0.0018977502617626874, -0.02307793945434866, -0.004069632473440421, -0.0009345465013766458, 0.0026609432529283903],
   "FudgeOffset": 0.25,
   "FudgeFactor": 1.021,
   "DetectorOptions":{"quad_decimate":2, "quad_blur": 0.0, 
 "refine_edges": 1, "refine_decode": 1,
 "refine_pose": 0, "quad_contours": 1}
}
