{
   "name"   : "Camera_B_640x480",
   "width"  : 640,
   "height" : 480,
   "mtx"    :
   [[628.7223015204332, 0.0, 349.3599452973657],
    [0.0, 626.9817778265822, 205.54321093641485],
    [0.0, 0.0, 1.0]],
   "dist"   :
   [-0.4290237640457615, 0.15063482335250522, 0.00229716729001219, -0.005477475802896826, 0.04023625546056094],
   "FudgeOffset": 0.0,
   "FudgeFactor": 1.0,
   "DetectorOptions":{"quad_decimate":2, "quad_blur": 0.0, 
 "refine_edges": 1, "refine_decode": 1,
 "refine_pose": 0, "quad_contours": 1}
}
